animal_id,sex,species,site_id,site_type,location_id,easting,northing,date_of_birth,date_of_death,reason_for_death,batch_id,date_added_to_batch,date_removed_from_batch,vehicle_reg,journey_id,journey_origin,journey_destination,journey_start_date,journey_end_date
animal_1,m,cow,,,,,,,,,,,,,,,,,
animal_2,m,cow,,,,,,,,,,,,,,,,,
animal_3,f,cow,,,,,,,,,,,,,,,,,
animal_4,f,cow,,,,,,,,,,,,,,,,,
animal_5,f,cow,,,,,,,,,,,,,,,,,
animal_6,m,cow,,,,,,,,,,,,,,,,,
animal_7,f,cow,,,,,,,,,,,,,,,,,
animal_8,f,cow,,,,,,,,,,,,,,,,,
animal_9,f,cow,,,,,,,,,,,,,,,,,
animal_10,m,cow,,,,,,,,,,,,,,,,,
animal_11,m,cow,,,,,,,,,,,,,,,,,
animal_12,f,cow,,,,,,,,,,,,,,,,,
animal_13,m,cow,,,,,,,,,,,,,,,,,
animal_14,f,cow,,,,,,,,,,,,,,,,,
animal_15,m,cow,,,,,,,,,,,,,,,,,
animal_16,f,cow,,,,,,,,,,,,,,,,,
animal_17,f,cow,,,,,,,,,,,,,,,,,
animal_18,f,cow,,,,,,,,,,,,,,,,,
animal_19,f,cow,,,,,,,,,,,,,,,,,
animal_20,m,cow,,,,,,,,,,,,,,,,,
animal_21,m,cow,,,,,,,,,,,,,,,,,
animal_22,f,cow,,,,,,,,,,,,,,,,,
animal_23,f,cow,,,,,,,,,,,,,,,,,
animal_24,m,cow,,,,,,,,,,,,,,,,,
animal_25,m,cow,,,,,,,,,,,,,,,,,
animal_26,f,cow,,,,,,,,,,,,,,,,,
animal_27,m,cow,,,,,,,,,,,,,,,,,
animal_28,m,cow,,,,,,,,,,,,,,,,,
animal_29,f,cow,,,,,,,,,,,,,,,,,
animal_30,m,cow,,,,,,,,,,,,,,,,,
animal_31,f,cow,,,,,,,,,,,,,,,,,
animal_32,m,cow,,,,,,,,,,,,,,,,,
animal_33,m,cow,,,,,,,,,,,,,,,,,
animal_34,m,cow,,,,,,,,,,,,,,,,,
animal_35,f,cow,,,,,,,,,,,,,,,,,
animal_36,f,cow,,,,,,,,,,,,,,,,,
animal_37,m,cow,,,,,,,,,,,,,,,,,
animal_38,f,cow,,,,,,,,,,,,,,,,,
animal_39,f,cow,,,,,,,,,,,,,,,,,
animal_40,f,cow,,,,,,,,,,,,,,,,,
animal_41,m,pig,,,,,,,,,,,,,,,,,
animal_42,f,pig,,,,,,,,,,,,,,,,,
animal_43,f,pig,,,,,,,,,,,,,,,,,
animal_44,f,pig,,,,,,,,,,,,,,,,,
animal_45,f,pig,,,,,,,,,,,,,,,,,
animal_46,f,pig,,,,,,,,,,,,,,,,,
animal_47,m,pig,,,,,,,,,,,,,,,,,
animal_48,m,pig,,,,,,,,,,,,,,,,,
animal_49,f,pig,,,,,,,,,,,,,,,,,
animal_50,m,pig,,,,,,,,,,,,,,,,,
animal_51,m,pig,,,,,,,,,,,,,,,,,
animal_52,f,pig,,,,,,,,,,,,,,,,,
animal_53,m,pig,,,,,,,,,,,,,,,,,
animal_54,f,pig,,,,,,,,,,,,,,,,,
animal_55,f,pig,,,,,,,,,,,,,,,,,
animal_56,m,pig,,,,,,,,,,,,,,,,,
animal_57,m,pig,,,,,,,,,,,,,,,,,
animal_58,f,pig,,,,,,,,,,,,,,,,,
animal_59,m,pig,,,,,,,,,,,,,,,,,
animal_60,m,pig,,,,,,,,,,,,,,,,,
animal_61,f,pig,,,,,,,,,,,,,,,,,
animal_62,f,pig,,,,,,,,,,,,,,,,,
animal_63,m,pig,,,,,,,,,,,,,,,,,
animal_64,f,pig,,,,,,,,,,,,,,,,,
animal_65,f,pig,,,,,,,,,,,,,,,,,
animal_66,m,pig,,,,,,,,,,,,,,,,,
animal_67,m,pig,,,,,,,,,,,,,,,,,
animal_68,f,pig,,,,,,,,,,,,,,,,,
animal_69,m,pig,,,,,,,,,,,,,,,,,
animal_70,m,pig,,,,,,,,,,,,,,,,,
animal_71,f,pig,,,,,,,,,,,,,,,,,
animal_72,m,pig,,,,,,,,,,,,,,,,,
animal_73,f,pig,,,,,,,,,,,,,,,,,
animal_74,m,pig,,,,,,,,,,,,,,,,,
animal_75,m,pig,,,,,,,,,,,,,,,,,
animal_76,m,pig,,,,,,,,,,,,,,,,,
animal_77,m,pig,,,,,,,,,,,,,,,,,
animal_78,m,pig,,,,,,,,,,,,,,,,,
animal_79,m,pig,,,,,,,,,,,,,,,,,
animal_80,m,pig,,,,,,,,,,,,,,,,,
animal_81,f,pig,,,,,,,,,,,,,,,,,
animal_82,m,pig,,,,,,,,,,,,,,,,,
animal_83,m,pig,,,,,,,,,,,,,,,,,
animal_84,m,pig,,,,,,,,,,,,,,,,,
animal_85,f,pig,,,,,,,,,,,,,,,,,
animal_86,m,pig,,,,,,,,,,,,,,,,,
animal_87,m,pig,,,,,,,,,,,,,,,,,
animal_88,m,pig,,,,,,,,,,,,,,,,,
animal_89,f,pig,,,,,,,,,,,,,,,,,
animal_90,f,pig,,,,,,,,,,,,,,,,,
animal_91,f,pig,,,,,,,,,,,,,,,,,
animal_92,m,pig,,,,,,,,,,,,,,,,,
animal_93,m,pig,,,,,,,,,,,,,,,,,
animal_94,m,pig,,,,,,,,,,,,,,,,,
animal_95,m,pig,,,,,,,,,,,,,,,,,
animal_96,m,pig,,,,,,,,,,,,,,,,,
animal_97,m,pig,,,,,,,,,,,,,,,,,
animal_98,f,pig,,,,,,,,,,,,,,,,,
animal_99,m,pig,,,,,,,,,,,,,,,,,
animal_100,m,pig,,,,,,,,,,,,,,,,,
animal_101,m,pig,,,,,,,,,,,,,,,,,
animal_102,m,pig,,,,,,,,,,,,,,,,,
animal_103,m,pig,,,,,,,,,,,,,,,,,
animal_104,f,pig,,,,,,,,,,,,,,,,,
animal_105,f,pig,,,,,,,,,,,,,,,,,
animal_106,m,pig,,,,,,,,,,,,,,,,,
animal_107,f,pig,,,,,,,,,,,,,,,,,
animal_108,m,pig,,,,,,,,,,,,,,,,,
animal_109,f,pig,,,,,,,,,,,,,,,,,
animal_110,f,pig,,,,,,,,,,,,,,,,,
animal_111,f,pig,,,,,,,,,,,,,,,,,
animal_112,f,pig,,,,,,,,,,,,,,,,,
animal_113,m,pig,,,,,,,,,,,,,,,,,
animal_114,m,pig,,,,,,,,,,,,,,,,,
animal_115,f,pig,,,,,,,,,,,,,,,,,
animal_116,f,sheep,,,,,,,,,,,,,,,,,
animal_117,m,sheep,,,,,,,,,,,,,,,,,
animal_118,m,sheep,,,,,,,,,,,,,,,,,
animal_119,m,sheep,,,,,,,,,,,,,,,,,
animal_120,f,sheep,,,,,,,,,,,,,,,,,
animal_121,f,sheep,,,,,,,,,,,,,,,,,
animal_122,f,sheep,,,,,,,,,,,,,,,,,
animal_123,m,sheep,,,,,,,,,,,,,,,,,
animal_124,m,sheep,,,,,,,,,,,,,,,,,
animal_125,m,sheep,,,,,,,,,,,,,,,,,
animal_126,m,sheep,,,,,,,,,,,,,,,,,
animal_127,m,sheep,,,,,,,,,,,,,,,,,
animal_128,m,sheep,,,,,,,,,,,,,,,,,
animal_129,f,sheep,,,,,,,,,,,,,,,,,
animal_130,m,sheep,,,,,,,,,,,,,,,,,
animal_131,m,sheep,,,,,,,,,,,,,,,,,
animal_132,m,sheep,,,,,,,,,,,,,,,,,
animal_133,m,sheep,,,,,,,,,,,,,,,,,
animal_134,m,sheep,,,,,,,,,,,,,,,,,
animal_135,m,sheep,,,,,,,,,,,,,,,,,
animal_136,f,sheep,,,,,,,,,,,,,,,,,
animal_137,m,sheep,,,,,,,,,,,,,,,,,
animal_138,f,sheep,,,,,,,,,,,,,,,,,
animal_139,m,sheep,,,,,,,,,,,,,,,,,
animal_140,f,sheep,,,,,,,,,,,,,,,,,
animal_141,f,sheep,,,,,,,,,,,,,,,,,
animal_142,f,sheep,,,,,,,,,,,,,,,,,
animal_143,m,sheep,,,,,,,,,,,,,,,,,
animal_144,m,sheep,,,,,,,,,,,,,,,,,
animal_145,f,sheep,,,,,,,,,,,,,,,,,
animal_146,f,sheep,,,,,,,,,,,,,,,,,
animal_147,f,sheep,,,,,,,,,,,,,,,,,
animal_148,m,sheep,,,,,,,,,,,,,,,,,
animal_149,f,sheep,,,,,,,,,,,,,,,,,
animal_150,f,sheep,,,,,,,,,,,,,,,,,
animal_151,f,sheep,,,,,,,,,,,,,,,,,
animal_152,m,sheep,,,,,,,,,,,,,,,,,
animal_153,m,sheep,,,,,,,,,,,,,,,,,
animal_154,f,sheep,,,,,,,,,,,,,,,,,
animal_155,m,sheep,,,,,,,,,,,,,,,,,
animal_156,m,sheep,,,,,,,,,,,,,,,,,
animal_157,m,sheep,,,,,,,,,,,,,,,,,
animal_158,m,sheep,,,,,,,,,,,,,,,,,
animal_159,m,sheep,,,,,,,,,,,,,,,,,
animal_160,m,sheep,,,,,,,,,,,,,,,,,
animal_161,m,sheep,,,,,,,,,,,,,,,,,
animal_162,f,sheep,,,,,,,,,,,,,,,,,
animal_163,f,sheep,,,,,,,,,,,,,,,,,
animal_164,f,sheep,,,,,,,,,,,,,,,,,
animal_165,f,sheep,,,,,,,,,,,,,,,,,
animal_166,m,sheep,,,,,,,,,,,,,,,,,
animal_167,m,sheep,,,,,,,,,,,,,,,,,
animal_168,m,sheep,,,,,,,,,,,,,,,,,
animal_169,f,sheep,,,,,,,,,,,,,,,,,
animal_170,f,sheep,,,,,,,,,,,,,,,,,
animal_171,f,sheep,,,,,,,,,,,,,,,,,
animal_172,f,sheep,,,,,,,,,,,,,,,,,
animal_173,f,sheep,,,,,,,,,,,,,,,,,
animal_174,f,sheep,,,,,,,,,,,,,,,,,
animal_175,m,sheep,,,,,,,,,,,,,,,,,
animal_176,m,sheep,,,,,,,,,,,,,,,,,
animal_177,f,sheep,,,,,,,,,,,,,,,,,
animal_178,f,sheep,,,,,,,,,,,,,,,,,
animal_179,m,sheep,,,,,,,,,,,,,,,,,
animal_180,m,sheep,,,,,,,,,,,,,,,,,
animal_181,m,sheep,,,,,,,,,,,,,,,,,
animal_182,m,sheep,,,,,,,,,,,,,,,,,
animal_183,m,sheep,,,,,,,,,,,,,,,,,
animal_184,f,sheep,,,,,,,,,,,,,,,,,
animal_185,f,sheep,,,,,,,,,,,,,,,,,
animal_186,f,sheep,,,,,,,,,,,,,,,,,
animal_187,m,sheep,,,,,,,,,,,,,,,,,
animal_188,m,sheep,,,,,,,,,,,,,,,,,
animal_189,m,sheep,,,,,,,,,,,,,,,,,
animal_190,f,sheep,,,,,,,,,,,,,,,,,
animal_191,f,sheep,,,,,,,,,,,,,,,,,
animal_192,m,sheep,,,,,,,,,,,,,,,,,
animal_193,f,sheep,,,,,,,,,,,,,,,,,
animal_194,f,sheep,,,,,,,,,,,,,,,,,
animal_195,f,sheep,,,,,,,,,,,,,,,,,
animal_196,m,sheep,,,,,,,,,,,,,,,,,
animal_197,f,sheep,,,,,,,,,,,,,,,,,
animal_198,m,sheep,,,,,,,,,,,,,,,,,
animal_199,m,sheep,,,,,,,,,,,,,,,,,
animal_200,m,sheep,,,,,,,,,,,,,,,,,
animal_201,f,sheep,,,,,,,,,,,,,,,,,
animal_202,f,sheep,,,,,,,,,,,,,,,,,
animal_203,m,sheep,,,,,,,,,,,,,,,,,
animal_204,m,sheep,,,,,,,,,,,,,,,,,
animal_205,f,sheep,,,,,,,,,,,,,,,,,
animal_206,m,sheep,,,,,,,,,,,,,,,,,
animal_207,m,sheep,,,,,,,,,,,,,,,,,
animal_208,m,sheep,,,,,,,,,,,,,,,,,
animal_209,m,sheep,,,,,,,,,,,,,,,,,
animal_210,m,sheep,,,,,,,,,,,,,,,,,
animal_211,f,sheep,,,,,,,,,,,,,,,,,
animal_212,f,sheep,,,,,,,,,,,,,,,,,
animal_213,m,sheep,,,,,,,,,,,,,,,,,
animal_214,f,sheep,,,,,,,,,,,,,,,,,
animal_215,f,sheep,,,,,,,,,,,,,,,,,
,,,site_1,farm,loc_1,44248,20941,,,,,,,,,,,,
,,,site_2,farm,loc_2,44530,20706,,,,,,,,,,,,
,,,site_3,farm,loc_3,44790,20945,,,,,,,,,,,,
,,,site_4,farm,loc_4,44447,20708,,,,,,,,,,,,
,,,site_5,farm,loc_5,44765,20776,,,,,,,,,,,,
,,,site_6,market,loc_6,44817,20828,,,,,,,,,,,,
,,,site_7,market,loc_7,44665,20741,,,,,,,,,,,,
,,,site_8,slaughterhouse,loc_8,44782,20214,,,,,,,,,,,,
,,,site_9,slaughterhouse,loc_9,44431,20236,,,,,,,,,,,,
,,,,,,,,,,,,,,WB23964,,,,,
,,,,,,,,,,,,,,XW23940,,,,,
,,,,,,,,,,,,,,HL23445,,,,,
,,,,,,,,,,,,,,BG23024,,,,,
,,,,,,,,,,,,,,NP23422,,,,,
,,,,,,,,,,,,,,HK23967,,,,,
,,,,,,,,,,,,,,EI23649,,,,,
,,,,,,,,,,,,,,VR23403,,,,,
,,,,,,,,,,,,,,VM23859,,,,,
,,,,,,,,,,,,,,OW23921,,,,,
animal_1,,,site_1,,,,,2023-08-10 20:44:19.723522,,,,,,,,,,,
animal_2,,,site_3,,,,,2023-08-10 20:44:19.723522,,,,,,,,,,,
animal_3,,,site_2,,,,,2023-08-10 20:44:19.724522,,,,,,,,,,,
animal_4,,,site_1,,,,,2023-08-10 20:44:19.725521,,,,,,,,,,,
animal_5,,,site_3,,,,,2023-08-10 20:44:19.725521,,,,,,,,,,,
animal_6,,,site_2,,,,,2023-08-10 20:44:19.726521,,,,,,,,,,,
animal_7,,,site_3,,,,,2023-08-10 20:44:19.726521,,,,,,,,,,,
animal_8,,,site_1,,,,,2023-08-10 20:44:19.727521,,,,,,,,,,,
animal_9,,,site_2,,,,,2023-08-10 20:44:19.727521,,,,,,,,,,,
animal_10,,,site_2,,,,,2023-08-10 20:44:19.728521,,,,,,,,,,,
animal_11,,,site_1,,,,,2023-08-10 20:44:19.728521,,,,,,,,,,,
animal_12,,,site_4,,,,,2023-08-10 20:44:19.729522,,,,,,,,,,,
animal_13,,,site_3,,,,,2023-08-10 20:44:19.729522,,,,,,,,,,,
animal_14,,,site_4,,,,,2023-08-10 20:44:19.729522,,,,,,,,,,,
animal_15,,,site_1,,,,,2023-08-10 20:44:19.730521,,,,,,,,,,,
animal_16,,,site_3,,,,,2023-08-10 20:44:19.730521,,,,,,,,,,,
animal_17,,,site_3,,,,,2023-08-10 20:44:19.731521,,,,,,,,,,,
animal_18,,,site_1,,,,,2023-08-10 20:44:19.731521,,,,,,,,,,,
animal_19,,,site_1,,,,,2023-08-10 20:44:19.732521,,,,,,,,,,,
animal_20,,,site_5,,,,,2023-08-10 20:44:19.732521,,,,,,,,,,,
animal_21,,,site_2,,,,,2023-08-10 20:44:19.733521,,,,,,,,,,,
animal_22,,,site_2,,,,,2023-08-10 20:44:19.733521,,,,,,,,,,,
animal_23,,,site_1,,,,,2023-08-10 20:44:19.734522,,,,,,,,,,,
animal_24,,,site_3,,,,,2023-08-10 20:44:19.734522,,,,,,,,,,,
animal_25,,,site_5,,,,,2023-08-10 20:44:19.735521,,,,,,,,,,,
animal_26,,,site_2,,,,,2023-08-10 20:44:19.735521,,,,,,,,,,,
animal_27,,,site_3,,,,,2023-08-10 20:44:19.736521,,,,,,,,,,,
animal_28,,,site_4,,,,,2023-08-10 20:44:19.736521,,,,,,,,,,,
animal_29,,,site_1,,,,,2023-08-10 20:44:19.737521,,,,,,,,,,,
animal_30,,,site_4,,,,,2023-08-10 20:44:19.737521,,,,,,,,,,,
animal_31,,,site_2,,,,,2023-08-10 20:44:19.738522,,,,,,,,,,,
animal_32,,,site_1,,,,,2023-08-10 20:44:19.738522,,,,,,,,,,,
animal_33,,,site_5,,,,,2023-08-10 20:44:19.739522,,,,,,,,,,,
animal_34,,,site_2,,,,,2023-08-10 20:44:19.739522,,,,,,,,,,,
animal_35,,,site_5,,,,,2023-08-10 20:44:19.739522,,,,,,,,,,,
animal_36,,,site_2,,,,,2023-08-10 20:44:19.740521,,,,,,,,,,,
animal_37,,,site_3,,,,,2023-08-10 20:44:19.740521,,,,,,,,,,,
animal_38,,,site_5,,,,,2023-08-10 20:44:19.741521,,,,,,,,,,,
animal_39,,,site_2,,,,,2023-08-10 20:44:19.741521,,,,,,,,,,,
animal_40,,,site_2,,,,,2023-08-10 20:44:19.742521,,,,,,,,,,,
animal_41,,,site_2,,,,,2023-08-10 20:44:19.742521,,,,,,,,,,,
animal_42,,,site_5,,,,,2023-08-10 20:44:19.743521,,,,,,,,,,,
animal_43,,,site_3,,,,,2023-08-10 20:44:19.743521,,,,,,,,,,,
animal_44,,,site_3,,,,,2023-08-10 20:44:19.744521,,,,,,,,,,,
animal_45,,,site_3,,,,,2023-08-10 20:44:19.744521,,,,,,,,,,,
animal_46,,,site_2,,,,,2023-08-10 20:44:19.745521,,,,,,,,,,,
animal_47,,,site_1,,,,,2023-08-10 20:44:19.745521,,,,,,,,,,,
animal_48,,,site_3,,,,,2023-08-10 20:44:19.746521,,,,,,,,,,,
animal_49,,,site_4,,,,,2023-08-10 20:44:19.746521,,,,,,,,,,,
animal_50,,,site_4,,,,,2023-08-10 20:44:19.747521,,,,,,,,,,,
animal_51,,,site_4,,,,,2023-08-10 20:44:19.747521,,,,,,,,,,,
animal_52,,,site_5,,,,,2023-08-10 20:44:19.748521,,,,,,,,,,,
animal_53,,,site_2,,,,,2023-08-10 20:44:19.748521,,,,,,,,,,,
animal_54,,,site_2,,,,,2023-08-10 20:44:19.748521,,,,,,,,,,,
animal_55,,,site_1,,,,,2023-08-10 20:44:19.749521,,,,,,,,,,,
animal_56,,,site_1,,,,,2023-08-10 20:44:19.749521,,,,,,,,,,,
animal_57,,,site_2,,,,,2023-08-10 20:44:19.750522,,,,,,,,,,,
animal_58,,,site_2,,,,,2023-08-10 20:44:19.750522,,,,,,,,,,,
animal_59,,,site_3,,,,,2023-08-10 20:44:19.751521,,,,,,,,,,,
animal_60,,,site_1,,,,,2023-08-10 20:44:19.751521,,,,,,,,,,,
animal_61,,,site_4,,,,,2023-08-10 20:44:19.752521,,,,,,,,,,,
animal_62,,,site_5,,,,,2023-08-10 20:44:19.752521,,,,,,,,,,,
animal_63,,,site_2,,,,,2023-08-10 20:44:19.753522,,,,,,,,,,,
animal_64,,,site_3,,,,,2023-08-10 20:44:19.753522,,,,,,,,,,,
animal_65,,,site_1,,,,,2023-08-10 20:44:19.754522,,,,,,,,,,,
animal_66,,,site_5,,,,,2023-08-10 20:44:19.754522,,,,,,,,,,,
animal_67,,,site_1,,,,,2023-08-10 20:44:19.755521,,,,,,,,,,,
animal_68,,,site_2,,,,,2023-08-10 20:44:19.755521,,,,,,,,,,,
animal_69,,,site_3,,,,,2023-08-10 20:44:19.756521,,,,,,,,,,,
animal_70,,,site_5,,,,,2023-08-10 20:44:19.756521,,,,,,,,,,,
animal_71,,,site_1,,,,,2023-08-10 20:44:19.756521,,,,,,,,,,,
animal_72,,,site_5,,,,,2023-08-10 20:44:19.757521,,,,,,,,,,,
animal_73,,,site_5,,,,,2023-08-10 20:44:19.757521,,,,,,,,,,,
animal_74,,,site_5,,,,,2023-08-10 20:44:19.758521,,,,,,,,,,,
animal_75,,,site_5,,,,,2023-08-10 20:44:19.758521,,,,,,,,,,,
animal_76,,,site_3,,,,,2023-08-10 20:44:19.759521,,,,,,,,,,,
animal_77,,,site_4,,,,,2023-08-10 20:44:19.759521,,,,,,,,,,,
animal_78,,,site_4,,,,,2023-08-10 20:44:19.760521,,,,,,,,,,,
animal_79,,,site_1,,,,,2023-08-10 20:44:19.760521,,,,,,,,,,,
animal_80,,,site_1,,,,,2023-08-10 20:44:19.761521,,,,,,,,,,,
animal_81,,,site_2,,,,,2023-08-10 20:44:19.761521,,,,,,,,,,,
animal_82,,,site_5,,,,,2023-08-10 20:44:19.762521,,,,,,,,,,,
animal_83,,,site_3,,,,,2023-08-10 20:44:19.762521,,,,,,,,,,,
animal_84,,,site_2,,,,,2023-08-10 20:44:19.763521,,,,,,,,,,,
animal_85,,,site_4,,,,,2023-08-10 20:44:19.763521,,,,,,,,,,,
animal_86,,,site_3,,,,,2023-08-10 20:44:19.764521,,,,,,,,,,,
animal_87,,,site_3,,,,,2023-08-10 20:44:19.764521,,,,,,,,,,,
animal_88,,,site_1,,,,,2023-08-10 20:44:19.764521,,,,,,,,,,,
animal_89,,,site_2,,,,,2023-08-10 20:44:19.765521,,,,,,,,,,,
animal_90,,,site_5,,,,,2023-08-10 20:44:19.765521,,,,,,,,,,,
animal_91,,,site_5,,,,,2023-08-10 20:44:19.766521,,,,,,,,,,,
animal_92,,,site_1,,,,,2023-08-10 20:44:19.766521,,,,,,,,,,,
animal_93,,,site_3,,,,,2023-08-10 20:44:19.767521,,,,,,,,,,,
animal_94,,,site_5,,,,,2023-08-10 20:44:19.767521,,,,,,,,,,,
animal_95,,,site_5,,,,,2023-08-10 20:44:19.768521,,,,,,,,,,,
animal_96,,,site_3,,,,,2023-08-10 20:44:19.768521,,,,,,,,,,,
animal_97,,,site_3,,,,,2023-08-10 20:44:19.769522,,,,,,,,,,,
animal_98,,,site_5,,,,,2023-08-10 20:44:19.769522,,,,,,,,,,,
animal_99,,,site_1,,,,,2023-08-10 20:44:19.770521,,,,,,,,,,,
animal_100,,,site_1,,,,,2023-08-10 20:44:19.770521,,,,,,,,,,,
animal_101,,,site_4,,,,,2023-08-10 20:44:19.771521,,,,,,,,,,,
animal_102,,,site_4,,,,,2023-08-10 20:44:19.771521,,,,,,,,,,,
animal_103,,,site_4,,,,,2023-08-10 20:44:19.771521,,,,,,,,,,,
animal_104,,,site_5,,,,,2023-08-10 20:44:19.772521,,,,,,,,,,,
animal_105,,,site_4,,,,,2023-08-10 20:44:19.772521,,,,,,,,,,,
animal_106,,,site_1,,,,,2023-08-10 20:44:19.773521,,,,,,,,,,,
animal_107,,,site_1,,,,,2023-08-10 20:44:19.773521,,,,,,,,,,,
animal_108,,,site_4,,,,,2023-08-10 20:44:19.774521,,,,,,,,,,,
animal_109,,,site_3,,,,,2023-08-10 20:44:19.774521,,,,,,,,,,,
animal_110,,,site_5,,,,,2023-08-10 20:44:19.775521,,,,,,,,,,,
animal_111,,,site_4,,,,,2023-08-10 20:44:19.775521,,,,,,,,,,,
animal_112,,,site_2,,,,,2023-08-10 20:44:19.776521,,,,,,,,,,,
animal_113,,,site_3,,,,,2023-08-10 20:44:19.776521,,,,,,,,,,,
animal_114,,,site_3,,,,,2023-08-10 20:44:19.777521,,,,,,,,,,,
animal_115,,,site_4,,,,,2023-08-10 20:44:19.777521,,,,,,,,,,,
animal_116,,,site_5,,,,,2023-08-10 20:44:19.778521,,,,,,,,,,,
animal_117,,,site_4,,,,,2023-08-10 20:44:19.778521,,,,,,,,,,,
animal_118,,,site_4,,,,,2023-08-10 20:44:19.778521,,,,,,,,,,,
animal_119,,,site_1,,,,,2023-08-10 20:44:19.779522,,,,,,,,,,,
animal_120,,,site_1,,,,,2023-08-10 20:44:19.779522,,,,,,,,,,,
animal_121,,,site_5,,,,,2023-08-10 20:44:19.780521,,,,,,,,,,,
animal_122,,,site_3,,,,,2023-08-10 20:44:19.780521,,,,,,,,,,,
animal_123,,,site_3,,,,,2023-08-10 20:44:19.781521,,,,,,,,,,,
animal_124,,,site_4,,,,,2023-08-10 20:44:19.781521,,,,,,,,,,,
animal_125,,,site_5,,,,,2023-08-10 20:44:19.782521,,,,,,,,,,,
animal_126,,,site_2,,,,,2023-08-10 20:44:19.782521,,,,,,,,,,,
animal_127,,,site_5,,,,,2023-08-10 20:44:19.783521,,,,,,,,,,,
animal_128,,,site_3,,,,,2023-08-10 20:44:19.783521,,,,,,,,,,,
animal_129,,,site_3,,,,,2023-08-10 20:44:19.784522,,,,,,,,,,,
animal_130,,,site_4,,,,,2023-08-10 20:44:19.784522,,,,,,,,,,,
animal_131,,,site_2,,,,,2023-08-10 20:44:19.785522,,,,,,,,,,,
animal_132,,,site_4,,,,,2023-08-10 20:44:19.785522,,,,,,,,,,,
animal_133,,,site_3,,,,,2023-08-10 20:44:19.786521,,,,,,,,,,,
animal_134,,,site_1,,,,,2023-08-10 20:44:19.786521,,,,,,,,,,,
animal_135,,,site_4,,,,,2023-08-10 20:44:19.787521,,,,,,,,,,,
animal_136,,,site_2,,,,,2023-08-10 20:44:19.787521,,,,,,,,,,,
animal_137,,,site_4,,,,,2023-08-10 20:44:19.788521,,,,,,,,,,,
animal_138,,,site_5,,,,,2023-08-10 20:44:19.788521,,,,,,,,,,,
animal_139,,,site_4,,,,,2023-08-10 20:44:19.788521,,,,,,,,,,,
animal_140,,,site_1,,,,,2023-08-10 20:44:19.789522,,,,,,,,,,,
animal_141,,,site_3,,,,,2023-08-10 20:44:19.789522,,,,,,,,,,,
animal_142,,,site_4,,,,,2023-08-10 20:44:19.790521,,,,,,,,,,,
animal_143,,,site_4,,,,,2023-08-10 20:44:19.790521,,,,,,,,,,,
animal_144,,,site_3,,,,,2023-08-10 20:44:19.791521,,,,,,,,,,,
animal_145,,,site_2,,,,,2023-08-10 20:44:19.791521,,,,,,,,,,,
animal_146,,,site_3,,,,,2023-08-10 20:44:19.792521,,,,,,,,,,,
animal_147,,,site_3,,,,,2023-08-10 20:44:19.792521,,,,,,,,,,,
animal_148,,,site_1,,,,,2023-08-10 20:44:19.793521,,,,,,,,,,,
animal_149,,,site_4,,,,,2023-08-10 20:44:19.793521,,,,,,,,,,,
animal_150,,,site_4,,,,,2023-08-10 20:44:19.794522,,,,,,,,,,,
animal_151,,,site_5,,,,,2023-08-10 20:44:19.794522,,,,,,,,,,,
animal_152,,,site_5,,,,,2023-08-10 20:44:19.795521,,,,,,,,,,,
animal_153,,,site_1,,,,,2023-08-10 20:44:19.795521,,,,,,,,,,,
animal_154,,,site_5,,,,,2023-08-10 20:44:19.796521,,,,,,,,,,,
animal_155,,,site_3,,,,,2023-08-10 20:44:19.796521,,,,,,,,,,,
animal_156,,,site_3,,,,,2023-08-10 20:44:19.797521,,,,,,,,,,,
animal_157,,,site_5,,,,,2023-08-10 20:44:19.797521,,,,,,,,,,,
animal_158,,,site_4,,,,,2023-08-10 20:44:19.798521,,,,,,,,,,,
animal_159,,,site_4,,,,,2023-08-10 20:44:19.798521,,,,,,,,,,,
animal_160,,,site_5,,,,,2023-08-10 20:44:19.799522,,,,,,,,,,,
animal_161,,,site_4,,,,,2023-08-10 20:44:19.799522,,,,,,,,,,,
animal_162,,,site_2,,,,,2023-08-10 20:44:19.800521,,,,,,,,,,,
animal_163,,,site_2,,,,,2023-08-10 20:44:19.800521,,,,,,,,,,,
animal_164,,,site_1,,,,,2023-08-10 20:44:19.801522,,,,,,,,,,,
animal_165,,,site_4,,,,,2023-08-10 20:44:19.801522,,,,,,,,,,,
animal_166,,,site_1,,,,,2023-08-10 20:44:19.802521,,,,,,,,,,,
animal_167,,,site_1,,,,,2023-08-10 20:44:19.802521,,,,,,,,,,,
animal_168,,,site_5,,,,,2023-08-10 20:44:19.803521,,,,,,,,,,,
animal_169,,,site_4,,,,,2023-08-10 20:44:19.803521,,,,,,,,,,,
animal_170,,,site_3,,,,,2023-08-10 20:44:19.803521,,,,,,,,,,,
animal_171,,,site_1,,,,,2023-08-10 20:44:19.804522,,,,,,,,,,,
animal_172,,,site_1,,,,,2023-08-10 20:44:19.805522,,,,,,,,,,,
animal_173,,,site_2,,,,,2023-08-10 20:44:19.805522,,,,,,,,,,,
animal_174,,,site_5,,,,,2023-08-10 20:44:19.806522,,,,,,,,,,,
animal_175,,,site_4,,,,,2023-08-10 20:44:19.806522,,,,,,,,,,,
animal_176,,,site_2,,,,,2023-08-10 20:44:19.807522,,,,,,,,,,,
animal_177,,,site_3,,,,,2023-08-10 20:44:19.807522,,,,,,,,,,,
animal_178,,,site_3,,,,,2023-08-10 20:44:19.808522,,,,,,,,,,,
animal_179,,,site_4,,,,,2023-08-10 20:44:19.809522,,,,,,,,,,,
animal_180,,,site_4,,,,,2023-08-10 20:44:19.809522,,,,,,,,,,,
animal_181,,,site_4,,,,,2023-08-10 20:44:19.810521,,,,,,,,,,,
animal_182,,,site_5,,,,,2023-08-10 20:44:19.810521,,,,,,,,,,,
animal_183,,,site_1,,,,,2023-08-10 20:44:19.811521,,,,,,,,,,,
animal_184,,,site_2,,,,,2023-08-10 20:44:19.812522,,,,,,,,,,,
animal_185,,,site_4,,,,,2023-08-10 20:44:19.812522,,,,,,,,,,,
animal_186,,,site_1,,,,,2023-08-10 20:44:19.813522,,,,,,,,,,,
animal_187,,,site_4,,,,,2023-08-10 20:44:19.813522,,,,,,,,,,,
animal_188,,,site_1,,,,,2023-08-10 20:44:19.814521,,,,,,,,,,,
animal_189,,,site_2,,,,,2023-08-10 20:44:19.814521,,,,,,,,,,,
animal_190,,,site_2,,,,,2023-08-10 20:44:19.815521,,,,,,,,,,,
animal_191,,,site_2,,,,,2023-08-10 20:44:19.815521,,,,,,,,,,,
animal_192,,,site_4,,,,,2023-08-10 20:44:19.816521,,,,,,,,,,,
animal_193,,,site_3,,,,,2023-08-10 20:44:19.816521,,,,,,,,,,,
animal_194,,,site_5,,,,,2023-08-10 20:44:19.817522,,,,,,,,,,,
animal_195,,,site_2,,,,,2023-08-10 20:44:19.817522,,,,,,,,,,,
animal_196,,,site_4,,,,,2023-08-10 20:44:19.818522,,,,,,,,,,,
animal_197,,,site_2,,,,,2023-08-10 20:44:19.819522,,,,,,,,,,,
animal_198,,,site_5,,,,,2023-08-10 20:44:19.819522,,,,,,,,,,,
animal_199,,,site_5,,,,,2023-08-10 20:44:19.820521,,,,,,,,,,,
animal_200,,,site_5,,,,,2023-08-10 20:44:19.820521,,,,,,,,,,,
animal_201,,,site_1,,,,,2023-08-10 20:44:19.821522,,,,,,,,,,,
animal_202,,,site_3,,,,,2023-08-10 20:44:19.821522,,,,,,,,,,,
animal_203,,,site_1,,,,,2023-08-10 20:44:19.822522,,,,,,,,,,,
animal_204,,,site_3,,,,,2023-08-10 20:44:19.822522,,,,,,,,,,,
animal_205,,,site_2,,,,,2023-08-10 20:44:19.823522,,,,,,,,,,,
animal_206,,,site_4,,,,,2023-08-10 20:44:19.823522,,,,,,,,,,,
animal_207,,,site_5,,,,,2023-08-10 20:44:19.823522,,,,,,,,,,,
animal_208,,,site_5,,,,,2023-08-10 20:44:19.824522,,,,,,,,,,,
animal_209,,,site_1,,,,,2023-08-10 20:44:19.824522,,,,,,,,,,,
animal_210,,,site_1,,,,,2023-08-10 20:44:19.825522,,,,,,,,,,,
animal_211,,,site_2,,,,,2023-08-10 20:44:19.826521,,,,,,,,,,,
animal_212,,,site_3,,,,,2023-08-10 20:44:19.826521,,,,,,,,,,,
animal_213,,,site_1,,,,,2023-08-10 20:44:19.827522,,,,,,,,,,,
animal_214,,,site_4,,,,,2023-08-10 20:44:19.828522,,,,,,,,,,,
animal_215,,,site_4,,,,,2023-08-10 20:44:19.828522,,,,,,,,,,,
animal_5,,,site_8,,,,,,2023-08-10 20:44:19.831521,illness,,,,,,,,,
animal_8,,,site_9,,,,,,2023-08-10 20:44:19.831521,illness,,,,,,,,,
animal_10,,,site_8,,,,,,2023-08-10 20:44:19.832522,slaughter,,,,,,,,,
animal_17,,,site_8,,,,,,2023-08-10 20:44:19.833522,illness,,,,,,,,,
animal_18,,,site_8,,,,,,2023-08-10 20:44:19.834521,slaughter,,,,,,,,,
animal_31,,,site_8,,,,,,2023-08-10 20:44:19.834521,illness,,,,,,,,,
animal_34,,,site_8,,,,,,2023-08-10 20:44:19.835522,slaughter,,,,,,,,,
animal_35,,,site_8,,,,,,2023-08-10 20:44:19.835522,slaughter,,,,,,,,,
animal_37,,,site_8,,,,,,2023-08-10 20:44:19.836521,illness,,,,,,,,,
animal_50,,,site_9,,,,,,2023-08-10 20:44:19.836521,slaughter,,,,,,,,,
animal_52,,,site_8,,,,,,2023-08-10 20:44:19.837521,slaughter,,,,,,,,,
animal_65,,,site_9,,,,,,2023-08-10 20:44:19.837521,illness,,,,,,,,,
animal_68,,,site_8,,,,,,2023-08-10 20:44:19.838521,slaughter,,,,,,,,,
animal_70,,,site_8,,,,,,2023-08-10 20:44:19.838521,illness,,,,,,,,,
animal_75,,,site_8,,,,,,2023-08-10 20:44:19.839521,illness,,,,,,,,,
animal_81,,,site_8,,,,,,2023-08-10 20:44:19.840521,slaughter,,,,,,,,,
animal_82,,,site_9,,,,,,2023-08-10 20:44:19.840521,slaughter,,,,,,,,,
animal_87,,,site_8,,,,,,2023-08-10 20:44:19.841521,slaughter,,,,,,,,,
animal_92,,,site_9,,,,,,2023-08-10 20:44:19.841521,illness,,,,,,,,,
animal_96,,,site_8,,,,,,2023-08-10 20:44:19.842522,illness,,,,,,,,,
animal_97,,,site_8,,,,,,2023-08-10 20:44:19.842522,illness,,,,,,,,,
animal_106,,,site_8,,,,,,2023-08-10 20:44:19.843521,illness,,,,,,,,,
animal_109,,,site_9,,,,,,2023-08-10 20:44:19.843521,illness,,,,,,,,,
animal_121,,,site_9,,,,,,2023-08-10 20:44:19.844521,slaughter,,,,,,,,,
animal_122,,,site_8,,,,,,2023-08-10 20:44:19.844521,slaughter,,,,,,,,,
animal_124,,,site_9,,,,,,2023-08-10 20:44:19.845521,illness,,,,,,,,,
animal_127,,,site_8,,,,,,2023-08-10 20:44:19.845521,slaughter,,,,,,,,,
animal_141,,,site_8,,,,,,2023-08-10 20:44:19.846521,illness,,,,,,,,,
animal_142,,,site_9,,,,,,2023-08-10 20:44:19.846521,illness,,,,,,,,,
animal_151,,,site_9,,,,,,2023-08-10 20:44:19.847521,slaughter,,,,,,,,,
animal_162,,,site_8,,,,,,2023-08-10 20:44:19.847521,illness,,,,,,,,,
animal_163,,,site_8,,,,,,2023-08-10 20:44:19.848522,illness,,,,,,,,,
animal_167,,,site_8,,,,,,2023-08-10 20:44:19.848522,slaughter,,,,,,,,,
animal_168,,,site_8,,,,,,2023-08-10 20:44:19.849522,slaughter,,,,,,,,,
animal_170,,,site_8,,,,,,2023-08-10 20:44:19.849522,slaughter,,,,,,,,,
animal_177,,,site_8,,,,,,2023-08-10 20:44:19.850521,slaughter,,,,,,,,,
animal_178,,,site_8,,,,,,2023-08-10 20:44:19.850521,slaughter,,,,,,,,,
animal_180,,,site_8,,,,,,2023-08-10 20:44:19.851521,illness,,,,,,,,,
animal_185,,,site_8,,,,,,2023-08-10 20:44:19.851521,slaughter,,,,,,,,,
animal_188,,,site_9,,,,,,2023-08-10 20:44:19.852521,slaughter,,,,,,,,,
animal_195,,,site_9,,,,,,2023-08-10 20:44:19.852521,illness,,,,,,,,,
animal_197,,,site_8,,,,,,2023-08-10 20:44:19.853521,slaughter,,,,,,,,,
animal_199,,,site_8,,,,,,2023-08-10 20:44:19.853521,illness,,,,,,,,,
animal_201,,,site_9,,,,,,2023-08-10 20:44:19.854521,illness,,,,,,,,,
animal_206,,,site_9,,,,,,2023-08-10 20:44:19.854521,slaughter,,,,,,,,,
animal_210,,,site_9,,,,,,2023-08-10 20:44:19.855521,slaughter,,,,,,,,,
animal_213,,,site_8,,,,,,2023-08-10 20:44:19.855521,slaughter,,,,,,,,,
,,,,,,,,,,,0,,,HL23445,0,site_6,site_6,2023-08-10 20:44:19.865522,2023-08-10 20:44:19.865522
animal_83,,,,,,,,,,,1,2023-08-10 20:44:19.874522,,,,,,,
animal_202,,,,,,,,,,,1,2023-08-10 20:44:19.874522,,,,,,,
animal_59,,,,,,,,,,,1,2023-08-10 20:44:19.874522,,,,,,,
animal_212,,,,,,,,,,,1,2023-08-10 20:44:19.875522,,,,,,,
animal_146,,,,,,,,,,,1,2023-08-10 20:44:19.875522,,,,,,,
animal_147,,,,,,,,,,,1,2023-08-10 20:44:19.876522,,,,,,,
animal_86,,,,,,,,,,,1,2023-08-10 20:44:19.876522,,,,,,,
animal_64,,,,,,,,,,,1,2023-08-10 20:44:19.877522,,,,,,,
animal_16,,,,,,,,,,,1,2023-08-10 20:44:19.877522,,,,,,,
animal_113,,,,,,,,,,,1,2023-08-10 20:44:19.877522,,,,,,,
animal_129,,,,,,,,,,,1,2023-08-10 20:44:19.878522,,,,,,,
animal_204,,,,,,,,,,,1,2023-08-10 20:44:19.878522,,,,,,,
animal_13,,,,,,,,,,,1,2023-08-10 20:44:19.879522,,,,,,,
animal_193,,,,,,,,,,,1,2023-08-10 20:44:19.879522,,,,,,,
animal_156,,,,,,,,,,,1,2023-08-10 20:44:19.879522,,,,,,,
animal_48,,,,,,,,,,,1,2023-08-10 20:44:19.880521,,,,,,,
animal_114,,,,,,,,,,,1,2023-08-10 20:44:19.880521,,,,,,,
animal_123,,,,,,,,,,,1,2023-08-10 20:44:19.881522,,,,,,,
animal_69,,,,,,,,,,,1,2023-08-10 20:44:19.881522,,,,,,,
animal_128,,,,,,,,,,,1,2023-08-10 20:44:19.882522,,,,,,,
animal_44,,,,,,,,,,,1,2023-08-10 20:44:19.882522,,,,,,,
animal_7,,,,,,,,,,,1,2023-08-10 20:44:19.882522,,,,,,,
,,,,,,,,,,,1,,,XW23940,1,site_3,site_8,2023-08-10 20:44:19.884522,2023-08-10 20:44:19.884522
animal_83,,,,,,,,,,,1,,2023-08-10 20:44:19.885521,,,,,,
animal_202,,,,,,,,,,,1,,2023-08-10 20:44:19.885521,,,,,,
animal_59,,,,,,,,,,,1,,2023-08-10 20:44:19.886521,,,,,,
animal_212,,,,,,,,,,,1,,2023-08-10 20:44:19.886521,,,,,,
animal_146,,,,,,,,,,,1,,2023-08-10 20:44:19.887521,,,,,,
animal_147,,,,,,,,,,,1,,2023-08-10 20:44:19.887521,,,,,,
animal_86,,,,,,,,,,,1,,2023-08-10 20:44:19.887521,,,,,,
animal_64,,,,,,,,,,,1,,2023-08-10 20:44:19.888521,,,,,,
animal_16,,,,,,,,,,,1,,2023-08-10 20:44:19.888521,,,,,,
animal_113,,,,,,,,,,,1,,2023-08-10 20:44:19.889522,,,,,,
animal_129,,,,,,,,,,,1,,2023-08-10 20:44:19.889522,,,,,,
animal_204,,,,,,,,,,,1,,2023-08-10 20:44:19.889522,,,,,,
animal_13,,,,,,,,,,,1,,2023-08-10 20:44:19.890522,,,,,,
animal_193,,,,,,,,,,,1,,2023-08-10 20:44:19.890522,,,,,,
animal_156,,,,,,,,,,,1,,2023-08-10 20:44:19.891522,,,,,,
animal_48,,,,,,,,,,,1,,2023-08-10 20:44:19.891522,,,,,,
animal_114,,,,,,,,,,,1,,2023-08-10 20:44:19.891522,,,,,,
animal_123,,,,,,,,,,,1,,2023-08-10 20:44:19.892521,,,,,,
animal_69,,,,,,,,,,,1,,2023-08-10 20:44:19.892521,,,,,,
animal_128,,,,,,,,,,,1,,2023-08-10 20:44:19.893521,,,,,,
animal_44,,,,,,,,,,,1,,2023-08-10 20:44:19.893521,,,,,,
animal_7,,,,,,,,,,,1,,2023-08-10 20:44:19.893521,,,,,,
animal_63,,,,,,,,,,,2,2023-08-10 20:44:19.901522,,,,,,,
animal_26,,,,,,,,,,,2,2023-08-10 20:44:19.901522,,,,,,,
animal_54,,,,,,,,,,,2,2023-08-10 20:44:19.901522,,,,,,,
animal_36,,,,,,,,,,,2,2023-08-10 20:44:19.902522,,,,,,,
animal_189,,,,,,,,,,,2,2023-08-10 20:44:19.902522,,,,,,,
animal_190,,,,,,,,,,,2,2023-08-10 20:44:19.903523,,,,,,,
animal_89,,,,,,,,,,,2,2023-08-10 20:44:19.904522,,,,,,,
animal_57,,,,,,,,,,,2,2023-08-10 20:44:19.904522,,,,,,,
animal_21,,,,,,,,,,,2,2023-08-10 20:44:19.904522,,,,,,,
animal_112,,,,,,,,,,,2,2023-08-10 20:44:19.905521,,,,,,,
animal_145,,,,,,,,,,,2,2023-08-10 20:44:19.905521,,,,,,,
animal_3,,,,,,,,,,,2,2023-08-10 20:44:19.906521,,,,,,,
animal_173,,,,,,,,,,,2,2023-08-10 20:44:19.906521,,,,,,,
animal_211,,,,,,,,,,,2,2023-08-10 20:44:19.906521,,,,,,,
animal_205,,,,,,,,,,,2,2023-08-10 20:44:19.907521,,,,,,,
animal_53,,,,,,,,,,,2,2023-08-10 20:44:19.907521,,,,,,,
animal_126,,,,,,,,,,,2,2023-08-10 20:44:19.908522,,,,,,,
animal_131,,,,,,,,,,,2,2023-08-10 20:44:19.908522,,,,,,,
animal_58,,,,,,,,,,,2,2023-08-10 20:44:19.908522,,,,,,,
animal_136,,,,,,,,,,,2,2023-08-10 20:44:19.909522,,,,,,,
animal_46,,,,,,,,,,,2,2023-08-10 20:44:19.909522,,,,,,,
animal_6,,,,,,,,,,,2,2023-08-10 20:44:19.910522,,,,,,,
,,,,,,,,,,,2,,,NP23422,2,site_2,site_9,2023-08-10 20:44:19.911522,2023-08-10 20:44:19.911522
animal_63,,,,,,,,,,,2,,2023-08-10 20:44:19.912522,,,,,,
animal_26,,,,,,,,,,,2,,2023-08-10 20:44:19.913522,,,,,,
animal_54,,,,,,,,,,,2,,2023-08-10 20:44:19.913522,,,,,,
animal_36,,,,,,,,,,,2,,2023-08-10 20:44:19.914522,,,,,,
animal_189,,,,,,,,,,,2,,2023-08-10 20:44:19.914522,,,,,,
animal_190,,,,,,,,,,,2,,2023-08-10 20:44:19.915521,,,,,,
animal_89,,,,,,,,,,,2,,2023-08-10 20:44:19.915521,,,,,,
animal_57,,,,,,,,,,,2,,2023-08-10 20:44:19.915521,,,,,,
animal_21,,,,,,,,,,,2,,2023-08-10 20:44:19.916522,,,,,,
animal_112,,,,,,,,,,,2,,2023-08-10 20:44:19.916522,,,,,,
animal_145,,,,,,,,,,,2,,2023-08-10 20:44:19.917522,,,,,,
animal_3,,,,,,,,,,,2,,2023-08-10 20:44:19.917522,,,,,,
animal_173,,,,,,,,,,,2,,2023-08-10 20:44:19.918521,,,,,,
animal_211,,,,,,,,,,,2,,2023-08-10 20:44:19.918521,,,,,,
animal_205,,,,,,,,,,,2,,2023-08-10 20:44:19.919522,,,,,,
animal_53,,,,,,,,,,,2,,2023-08-10 20:44:19.919522,,,,,,
animal_126,,,,,,,,,,,2,,2023-08-10 20:44:19.919522,,,,,,
animal_131,,,,,,,,,,,2,,2023-08-10 20:44:19.920521,,,,,,
animal_58,,,,,,,,,,,2,,2023-08-10 20:44:19.920521,,,,,,
animal_136,,,,,,,,,,,2,,2023-08-10 20:44:19.920521,,,,,,
animal_46,,,,,,,,,,,2,,2023-08-10 20:44:19.921521,,,,,,
animal_6,,,,,,,,,,,2,,2023-08-10 20:44:19.921521,,,,,,
animal_183,,,,,,,,,,,3,2023-08-10 20:44:19.928522,,,,,,,
animal_209,,,,,,,,,,,3,2023-08-10 20:44:19.929522,,,,,,,
animal_60,,,,,,,,,,,3,2023-08-10 20:44:19.929522,,,,,,,
animal_56,,,,,,,,,,,3,2023-08-10 20:44:19.930522,,,,,,,
animal_148,,,,,,,,,,,3,2023-08-10 20:44:19.930522,,,,,,,
animal_47,,,,,,,,,,,3,2023-08-10 20:44:19.931522,,,,,,,
animal_29,,,,,,,,,,,3,2023-08-10 20:44:19.931522,,,,,,,
animal_166,,,,,,,,,,,3,2023-08-10 20:44:19.932522,,,,,,,
animal_88,,,,,,,,,,,3,2023-08-10 20:44:19.932522,,,,,,,
animal_15,,,,,,,,,,,3,2023-08-10 20:44:19.933522,,,,,,,
animal_1,,,,,,,,,,,3,2023-08-10 20:44:19.933522,,,,,,,
animal_119,,,,,,,,,,,3,2023-08-10 20:44:19.933522,,,,,,,
animal_186,,,,,,,,,,,3,2023-08-10 20:44:19.934522,,,,,,,
animal_19,,,,,,,,,,,3,2023-08-10 20:44:19.934522,,,,,,,
animal_120,,,,,,,,,,,3,2023-08-10 20:44:19.934522,,,,,,,
animal_171,,,,,,,,,,,3,2023-08-10 20:44:19.935521,,,,,,,
animal_164,,,,,,,,,,,3,2023-08-10 20:44:19.935521,,,,,,,
animal_100,,,,,,,,,,,3,2023-08-10 20:44:19.936521,,,,,,,
animal_107,,,,,,,,,,,3,2023-08-10 20:44:19.936521,,,,,,,
animal_79,,,,,,,,,,,3,2023-08-10 20:44:19.937522,,,,,,,
animal_11,,,,,,,,,,,3,2023-08-10 20:44:19.937522,,,,,,,
animal_71,,,,,,,,,,,3,2023-08-10 20:44:19.938522,,,,,,,
animal_4,,,,,,,,,,,3,2023-08-10 20:44:19.938522,,,,,,,
animal_80,,,,,,,,,,,3,2023-08-10 20:44:19.938522,,,,,,,
,,,,,,,,,,,3,,,EI23649,3,site_1,site_8,2023-08-10 20:44:19.940521,2023-08-10 20:44:19.940521
animal_183,,,,,,,,,,,3,,2023-08-10 20:44:19.941521,,,,,,
animal_209,,,,,,,,,,,3,,2023-08-10 20:44:19.941521,,,,,,
animal_60,,,,,,,,,,,3,,2023-08-10 20:44:19.942521,,,,,,
animal_56,,,,,,,,,,,3,,2023-08-10 20:44:19.942521,,,,,,
animal_148,,,,,,,,,,,3,,2023-08-10 20:44:19.943521,,,,,,
animal_47,,,,,,,,,,,3,,2023-08-10 20:44:19.943521,,,,,,
animal_29,,,,,,,,,,,3,,2023-08-10 20:44:19.944522,,,,,,
animal_166,,,,,,,,,,,3,,2023-08-10 20:44:19.944522,,,,,,
animal_88,,,,,,,,,,,3,,2023-08-10 20:44:19.945522,,,,,,
animal_15,,,,,,,,,,,3,,2023-08-10 20:44:19.945522,,,,,,
animal_1,,,,,,,,,,,3,,2023-08-10 20:44:19.945522,,,,,,
animal_119,,,,,,,,,,,3,,2023-08-10 20:44:19.946521,,,,,,
animal_186,,,,,,,,,,,3,,2023-08-10 20:44:19.946521,,,,,,
animal_19,,,,,,,,,,,3,,2023-08-10 20:44:19.947521,,,,,,
animal_120,,,,,,,,,,,3,,2023-08-10 20:44:19.947521,,,,,,
animal_171,,,,,,,,,,,3,,2023-08-10 20:44:19.947521,,,,,,
animal_164,,,,,,,,,,,3,,2023-08-10 20:44:19.948521,,,,,,
animal_100,,,,,,,,,,,3,,2023-08-10 20:44:19.948521,,,,,,
animal_107,,,,,,,,,,,3,,2023-08-10 20:44:19.949522,,,,,,
animal_79,,,,,,,,,,,3,,2023-08-10 20:44:19.949522,,,,,,
animal_11,,,,,,,,,,,3,,2023-08-10 20:44:19.949522,,,,,,
animal_71,,,,,,,,,,,3,,2023-08-10 20:44:19.950521,,,,,,
animal_4,,,,,,,,,,,3,,2023-08-10 20:44:19.950521,,,,,,
animal_80,,,,,,,,,,,3,,2023-08-10 20:44:19.951522,,,,,,
animal_67,,,,,,,,,,,4,2023-08-10 20:44:19.958522,,,,,,,
animal_140,,,,,,,,,,,4,2023-08-10 20:44:19.958522,,,,,,,
animal_23,,,,,,,,,,,4,2023-08-10 20:44:19.958522,,,,,,,
animal_134,,,,,,,,,,,4,2023-08-10 20:44:19.959522,,,,,,,
animal_55,,,,,,,,,,,4,2023-08-10 20:44:19.959522,,,,,,,
animal_153,,,,,,,,,,,4,2023-08-10 20:44:19.960522,,,,,,,
animal_99,,,,,,,,,,,4,2023-08-10 20:44:19.960522,,,,,,,
,,,,,,,,,,,4,,,HK23967,4,site_1,site_9,2023-08-10 20:44:19.962522,2023-08-10 20:44:19.962522
animal_67,,,,,,,,,,,4,,2023-08-10 20:44:19.963521,,,,,,
animal_140,,,,,,,,,,,4,,2023-08-10 20:44:19.963521,,,,,,
animal_23,,,,,,,,,,,4,,2023-08-10 20:44:19.964522,,,,,,
animal_134,,,,,,,,,,,4,,2023-08-10 20:44:19.964522,,,,,,
animal_55,,,,,,,,,,,4,,2023-08-10 20:44:19.965522,,,,,,
animal_153,,,,,,,,,,,4,,2023-08-10 20:44:19.965522,,,,,,
animal_99,,,,,,,,,,,4,,2023-08-10 20:44:19.965522,,,,,,
animal_91,,,,,,,,,,,5,2023-08-10 20:44:19.973522,,,,,,,
animal_207,,,,,,,,,,,5,2023-08-10 20:44:19.973522,,,,,,,
animal_72,,,,,,,,,,,5,2023-08-10 20:44:19.974522,,,,,,,
animal_25,,,,,,,,,,,5,2023-08-10 20:44:19.974522,,,,,,,
animal_160,,,,,,,,,,,5,2023-08-10 20:44:19.974522,,,,,,,
animal_174,,,,,,,,,,,5,2023-08-10 20:44:19.975521,,,,,,,
animal_95,,,,,,,,,,,5,2023-08-10 20:44:19.975521,,,,,,,
animal_73,,,,,,,,,,,5,2023-08-10 20:44:19.976522,,,,,,,
animal_198,,,,,,,,,,,5,2023-08-10 20:44:19.976522,,,,,,,
animal_104,,,,,,,,,,,5,2023-08-10 20:44:19.977522,,,,,,,
animal_138,,,,,,,,,,,5,2023-08-10 20:44:19.977522,,,,,,,
animal_208,,,,,,,,,,,5,2023-08-10 20:44:19.977522,,,,,,,
animal_152,,,,,,,,,,,5,2023-08-10 20:44:19.978521,,,,,,,
animal_20,,,,,,,,,,,5,2023-08-10 20:44:19.978521,,,,,,,
animal_194,,,,,,,,,,,5,2023-08-10 20:44:19.979522,,,,,,,
animal_66,,,,,,,,,,,5,2023-08-10 20:44:19.979522,,,,,,,
animal_110,,,,,,,,,,,5,2023-08-10 20:44:19.980522,,,,,,,
animal_116,,,,,,,,,,,5,2023-08-10 20:44:19.980522,,,,,,,
animal_74,,,,,,,,,,,5,2023-08-10 20:44:19.981521,,,,,,,
animal_125,,,,,,,,,,,5,2023-08-10 20:44:19.981521,,,,,,,
animal_62,,,,,,,,,,,5,2023-08-10 20:44:19.982521,,,,,,,
animal_90,,,,,,,,,,,5,2023-08-10 20:44:19.982521,,,,,,,
,,,,,,,,,,,5,,,WB23964,5,site_5,site_7,2023-08-10 20:44:19.984521,2023-08-10 20:44:19.984521
animal_91,,,,,,,,,,,5,,2023-08-10 20:44:19.985521,,,,,,
animal_207,,,,,,,,,,,5,,2023-08-10 20:44:19.985521,,,,,,
animal_72,,,,,,,,,,,5,,2023-08-10 20:44:19.986522,,,,,,
animal_25,,,,,,,,,,,5,,2023-08-10 20:44:19.986522,,,,,,
animal_160,,,,,,,,,,,5,,2023-08-10 20:44:19.987522,,,,,,
animal_174,,,,,,,,,,,5,,2023-08-10 20:44:19.987522,,,,,,
animal_95,,,,,,,,,,,5,,2023-08-10 20:44:19.988521,,,,,,
animal_73,,,,,,,,,,,5,,2023-08-10 20:44:19.988521,,,,,,
animal_198,,,,,,,,,,,5,,2023-08-10 20:44:19.988521,,,,,,
animal_104,,,,,,,,,,,5,,2023-08-10 20:44:19.989521,,,,,,
animal_138,,,,,,,,,,,5,,2023-08-10 20:44:19.989521,,,,,,
animal_208,,,,,,,,,,,5,,2023-08-10 20:44:19.990521,,,,,,
animal_152,,,,,,,,,,,5,,2023-08-10 20:44:19.990521,,,,,,
animal_20,,,,,,,,,,,5,,2023-08-10 20:44:19.990521,,,,,,
animal_194,,,,,,,,,,,5,,2023-08-10 20:44:19.991521,,,,,,
animal_66,,,,,,,,,,,5,,2023-08-10 20:44:19.991521,,,,,,
animal_110,,,,,,,,,,,5,,2023-08-10 20:44:19.992521,,,,,,
animal_116,,,,,,,,,,,5,,2023-08-10 20:44:19.992521,,,,,,
animal_74,,,,,,,,,,,5,,2023-08-10 20:44:19.993522,,,,,,
animal_125,,,,,,,,,,,5,,2023-08-10 20:44:19.993522,,,,,,
animal_62,,,,,,,,,,,5,,2023-08-10 20:44:19.994521,,,,,,
animal_90,,,,,,,,,,,5,,2023-08-10 20:44:19.994521,,,,,,
animal_94,,,,,,,,,,,6,2023-08-10 20:44:20.001521,,,,,,,
animal_157,,,,,,,,,,,6,2023-08-10 20:44:20.001521,,,,,,,
animal_38,,,,,,,,,,,6,2023-08-10 20:44:20.002522,,,,,,,
animal_154,,,,,,,,,,,6,2023-08-10 20:44:20.002522,,,,,,,
animal_98,,,,,,,,,,,6,2023-08-10 20:44:20.003521,,,,,,,
animal_182,,,,,,,,,,,6,2023-08-10 20:44:20.003521,,,,,,,
,,,,,,,,,,,6,,,WB23964,6,site_5,site_9,2023-08-10 20:44:20.005521,2023-08-10 20:44:20.005521
animal_94,,,,,,,,,,,6,,2023-08-10 20:44:20.006522,,,,,,
animal_157,,,,,,,,,,,6,,2023-08-10 20:44:20.006522,,,,,,
animal_38,,,,,,,,,,,6,,2023-08-10 20:44:20.007522,,,,,,
animal_154,,,,,,,,,,,6,,2023-08-10 20:44:20.007522,,,,,,
animal_98,,,,,,,,,,,6,,2023-08-10 20:44:20.008522,,,,,,
animal_182,,,,,,,,,,,6,,2023-08-10 20:44:20.008522,,,,,,
,,,,,,,,,,,7,,,HK23967,7,site_8,site_3,2023-08-10 20:44:20.017522,2023-08-10 20:44:20.017522
,,,,,,,,,,,8,,,VR23403,8,site_6,site_6,2023-08-10 20:44:20.026522,2023-08-10 20:44:20.026522
,,,,,,,,,,,9,,,OW23921,9,site_6,site_9,2023-08-10 20:44:20.035522,2023-08-10 20:44:20.035522
,,,,,,,,,,,10,,,HK23967,10,site_6,site_9,2023-08-10 20:44:20.043522,2023-08-10 20:44:20.043522
animal_76,,,,,,,,,,,11,2023-08-10 20:44:20.051522,,,,,,,
animal_144,,,,,,,,,,,11,2023-08-10 20:44:20.051522,,,,,,,
animal_27,,,,,,,,,,,11,2023-08-10 20:44:20.052522,,,,,,,
animal_133,,,,,,,,,,,11,2023-08-10 20:44:20.052522,,,,,,,
animal_45,,,,,,,,,,,11,2023-08-10 20:44:20.053522,,,,,,,
animal_155,,,,,,,,,,,11,2023-08-10 20:44:20.053522,,,,,,,
animal_93,,,,,,,,,,,11,2023-08-10 20:44:20.054521,,,,,,,
,,,,,,,,,,,11,,,XW23940,11,site_3,site_9,2023-08-10 20:44:20.055521,2023-08-10 20:44:20.055521
animal_76,,,,,,,,,,,11,,2023-08-10 20:44:20.057522,,,,,,
animal_144,,,,,,,,,,,11,,2023-08-10 20:44:20.057522,,,,,,
animal_27,,,,,,,,,,,11,,2023-08-10 20:44:20.058521,,,,,,
animal_133,,,,,,,,,,,11,,2023-08-10 20:44:20.058521,,,,,,
animal_45,,,,,,,,,,,11,,2023-08-10 20:44:20.058521,,,,,,
animal_155,,,,,,,,,,,11,,2023-08-10 20:44:20.059522,,,,,,
animal_93,,,,,,,,,,,11,,2023-08-10 20:44:20.059522,,,,,,
animal_172,,,,,,,,,,,12,2023-08-10 20:44:20.066522,,,,,,,
animal_203,,,,,,,,,,,12,2023-08-10 20:44:20.067522,,,,,,,
,,,,,,,,,,,12,,,HK23967,12,site_1,site_9,2023-08-10 20:44:20.068522,2023-08-10 20:44:20.068522
animal_172,,,,,,,,,,,12,,2023-08-10 20:44:20.069521,,,,,,
animal_203,,,,,,,,,,,12,,2023-08-10 20:44:20.070522,,,,,,
animal_32,,,,,,,,,,,13,2023-08-10 20:44:20.077522,,,,,,,
,,,,,,,,,,,13,,,OW23921,13,site_1,site_1,2023-08-10 20:44:20.079521,2023-08-10 20:44:20.079521
animal_32,,,,,,,,,,,13,,2023-08-10 20:44:20.080521,,,,,,
animal_200,,,,,,,,,,,14,2023-08-10 20:44:20.087522,,,,,,,
animal_33,,,,,,,,,,,14,2023-08-10 20:44:20.087522,,,,,,,
,,,,,,,,,,,14,,,VR23403,14,site_5,site_1,2023-08-10 20:44:20.089522,2023-08-10 20:44:20.089522
animal_200,,,,,,,,,,,14,,2023-08-10 20:44:20.090522,,,,,,
animal_33,,,,,,,,,,,14,,2023-08-10 20:44:20.091522,,,,,,
,,,,,,,,,,,15,,,OW23921,15,site_9,site_7,2023-08-10 20:44:20.099522,2023-08-10 20:44:20.099522
,,,,,,,,,,,16,,,OW23921,16,site_7,site_1,2023-08-10 20:44:20.108522,2023-08-10 20:44:20.108522
,,,,,,,,,,,17,,,VR23403,17,site_9,site_9,2023-08-10 20:44:20.117521,2023-08-10 20:44:20.117521
,,,,,,,,,,,18,,,BG23024,18,site_7,site_5,2023-08-10 20:44:20.125522,2023-08-10 20:44:20.125522
,,,,,,,,,,,19,,,VM23859,19,site_8,site_9,2023-08-10 20:44:20.134522,2023-08-10 20:44:20.134522
,,,,,,,,,,,20,,,NP23422,20,site_6,site_7,2023-08-10 20:44:20.143522,2023-08-10 20:44:20.143522
animal_84,,,,,,,,,,,21,2023-08-10 20:44:20.150522,,,,,,,
animal_184,,,,,,,,,,,21,2023-08-10 20:44:20.151521,,,,,,,
animal_40,,,,,,,,,,,21,2023-08-10 20:44:20.151521,,,,,,,
animal_176,,,,,,,,,,,21,2023-08-10 20:44:20.152521,,,,,,,
animal_9,,,,,,,,,,,21,2023-08-10 20:44:20.153522,,,,,,,
animal_191,,,,,,,,,,,21,2023-08-10 20:44:20.153522,,,,,,,
,,,,,,,,,,,21,,,EI23649,21,site_2,site_9,2023-08-10 20:44:20.155522,2023-08-10 20:44:20.155522
animal_84,,,,,,,,,,,21,,2023-08-10 20:44:20.156521,,,,,,
animal_184,,,,,,,,,,,21,,2023-08-10 20:44:20.156521,,,,,,
animal_40,,,,,,,,,,,21,,2023-08-10 20:44:20.157522,,,,,,
animal_176,,,,,,,,,,,21,,2023-08-10 20:44:20.157522,,,,,,
animal_9,,,,,,,,,,,21,,2023-08-10 20:44:20.157522,,,,,,
animal_191,,,,,,,,,,,21,,2023-08-10 20:44:20.158521,,,,,,
animal_2,,,,,,,,,,,22,2023-08-10 20:44:20.165521,,,,,,,
animal_24,,,,,,,,,,,22,2023-08-10 20:44:20.166521,,,,,,,
,,,,,,,,,,,22,,,VR23403,22,site_3,site_5,2023-08-10 20:44:20.168522,2023-08-10 20:44:20.168522
animal_2,,,,,,,,,,,22,,2023-08-10 20:44:20.169522,,,,,,
animal_24,,,,,,,,,,,22,,2023-08-10 20:44:20.169522,,,,,,
animal_42,,,,,,,,,,,23,2023-08-10 20:44:20.176521,,,,,,,
,,,,,,,,,,,23,,,XW23940,23,site_5,site_6,2023-08-10 20:44:20.178521,2023-08-10 20:44:20.178521
animal_42,,,,,,,,,,,23,,2023-08-10 20:44:20.179521,,,,,,
,,,,,,,,,,,24,,,HL23445,24,site_8,site_9,2023-08-10 20:44:20.187521,2023-08-10 20:44:20.187521
,,,,,,,,,,,25,,,VM23859,25,site_7,site_1,2023-08-10 20:44:20.196522,2023-08-10 20:44:20.196522
animal_22,,,,,,,,,,,26,2023-08-10 20:44:20.204521,,,,,,,
animal_39,,,,,,,,,,,26,2023-08-10 20:44:20.204521,,,,,,,
,,,,,,,,,,,26,,,NP23422,26,site_2,site_6,2023-08-10 20:44:20.206521,2023-08-10 20:44:20.206521
animal_22,,,,,,,,,,,26,,2023-08-10 20:44:20.207521,,,,,,
animal_39,,,,,,,,,,,26,,2023-08-10 20:44:20.207521,,,,,,
,,,,,,,,,,,27,,,VR23403,27,site_1,site_8,2023-08-10 20:44:20.216522,2023-08-10 20:44:20.216522
animal_41,,,,,,,,,,,28,2023-08-10 20:44:20.224521,,,,,,,
,,,,,,,,,,,28,,,HK23967,28,site_2,site_6,2023-08-10 20:44:20.226521,2023-08-10 20:44:20.226521
animal_41,,,,,,,,,,,28,,2023-08-10 20:44:20.227521,,,,,,
,,,,,,,,,,,29,,,XW23940,29,site_1,site_4,2023-08-10 20:44:20.235521,2023-08-10 20:44:20.235521
,,,,,,,,,,,30,,,WB23964,30,site_1,site_1,2023-08-10 20:44:20.244521,2023-08-10 20:44:20.244521
,,,,,,,,,,,31,,,XW23940,31,site_2,site_5,2023-08-10 20:44:20.253521,2023-08-10 20:44:20.253521
,,,,,,,,,,,32,,,BG23024,32,site_5,site_9,2023-08-10 20:44:20.261522,2023-08-10 20:44:20.261522
animal_158,,,,,,,,,,,33,2023-08-10 20:44:20.269522,,,,,,,
animal_143,,,,,,,,,,,33,2023-08-10 20:44:20.270521,,,,,,,
animal_14,,,,,,,,,,,33,2023-08-10 20:44:20.270521,,,,,,,
animal_181,,,,,,,,,,,33,2023-08-10 20:44:20.271522,,,,,,,
animal_108,,,,,,,,,,,33,2023-08-10 20:44:20.271522,,,,,,,
animal_135,,,,,,,,,,,33,2023-08-10 20:44:20.272522,,,,,,,
animal_77,,,,,,,,,,,33,2023-08-10 20:44:20.272522,,,,,,,
animal_187,,,,,,,,,,,33,2023-08-10 20:44:20.272522,,,,,,,
animal_85,,,,,,,,,,,33,2023-08-10 20:44:20.273521,,,,,,,
animal_115,,,,,,,,,,,33,2023-08-10 20:44:20.273521,,,,,,,
animal_179,,,,,,,,,,,33,2023-08-10 20:44:20.274521,,,,,,,
animal_12,,,,,,,,,,,33,2023-08-10 20:44:20.274521,,,,,,,
animal_137,,,,,,,,,,,33,2023-08-10 20:44:20.274521,,,,,,,
animal_215,,,,,,,,,,,33,2023-08-10 20:44:20.275521,,,,,,,
animal_49,,,,,,,,,,,33,2023-08-10 20:44:20.275521,,,,,,,
animal_118,,,,,,,,,,,33,2023-08-10 20:44:20.276521,,,,,,,
animal_149,,,,,,,,,,,33,2023-08-10 20:44:20.276521,,,,,,,
animal_175,,,,,,,,,,,33,2023-08-10 20:44:20.276521,,,,,,,
animal_101,,,,,,,,,,,33,2023-08-10 20:44:20.277522,,,,,,,
animal_30,,,,,,,,,,,33,2023-08-10 20:44:20.277522,,,,,,,
animal_111,,,,,,,,,,,33,2023-08-10 20:44:20.278522,,,,,,,
animal_132,,,,,,,,,,,33,2023-08-10 20:44:20.278522,,,,,,,
animal_102,,,,,,,,,,,33,2023-08-10 20:44:20.279521,,,,,,,
animal_196,,,,,,,,,,,33,2023-08-10 20:44:20.279521,,,,,,,
animal_161,,,,,,,,,,,33,2023-08-10 20:44:20.279521,,,,,,,
animal_103,,,,,,,,,,,33,2023-08-10 20:44:20.280521,,,,,,,
animal_214,,,,,,,,,,,33,2023-08-10 20:44:20.281522,,,,,,,
animal_61,,,,,,,,,,,33,2023-08-10 20:44:20.281522,,,,,,,
,,,,,,,,,,,33,,,HK23967,33,site_4,site_7,2023-08-10 20:44:20.283521,2023-08-10 20:44:20.283521
animal_158,,,,,,,,,,,33,,2023-08-10 20:44:20.284522,,,,,,
animal_143,,,,,,,,,,,33,,2023-08-10 20:44:20.284522,,,,,,
animal_14,,,,,,,,,,,33,,2023-08-10 20:44:20.285522,,,,,,
animal_181,,,,,,,,,,,33,,2023-08-10 20:44:20.285522,,,,,,
animal_108,,,,,,,,,,,33,,2023-08-10 20:44:20.286522,,,,,,
animal_135,,,,,,,,,,,33,,2023-08-10 20:44:20.286522,,,,,,
animal_77,,,,,,,,,,,33,,2023-08-10 20:44:20.286522,,,,,,
animal_187,,,,,,,,,,,33,,2023-08-10 20:44:20.287521,,,,,,
animal_85,,,,,,,,,,,33,,2023-08-10 20:44:20.287521,,,,,,
animal_115,,,,,,,,,,,33,,2023-08-10 20:44:20.288522,,,,,,
animal_179,,,,,,,,,,,33,,2023-08-10 20:44:20.288522,,,,,,
animal_12,,,,,,,,,,,33,,2023-08-10 20:44:20.288522,,,,,,
animal_137,,,,,,,,,,,33,,2023-08-10 20:44:20.289522,,,,,,
animal_215,,,,,,,,,,,33,,2023-08-10 20:44:20.289522,,,,,,
animal_49,,,,,,,,,,,33,,2023-08-10 20:44:20.290521,,,,,,
animal_118,,,,,,,,,,,33,,2023-08-10 20:44:20.290521,,,,,,
animal_149,,,,,,,,,,,33,,2023-08-10 20:44:20.290521,,,,,,
animal_175,,,,,,,,,,,33,,2023-08-10 20:44:20.291521,,,,,,
animal_101,,,,,,,,,,,33,,2023-08-10 20:44:20.291521,,,,,,
animal_30,,,,,,,,,,,33,,2023-08-10 20:44:20.292522,,,,,,
animal_111,,,,,,,,,,,33,,2023-08-10 20:44:20.292522,,,,,,
animal_132,,,,,,,,,,,33,,2023-08-10 20:44:20.293522,,,,,,
animal_102,,,,,,,,,,,33,,2023-08-10 20:44:20.293522,,,,,,
animal_196,,,,,,,,,,,33,,2023-08-10 20:44:20.293522,,,,,,
animal_161,,,,,,,,,,,33,,2023-08-10 20:44:20.294522,,,,,,
animal_103,,,,,,,,,,,33,,2023-08-10 20:44:20.294522,,,,,,
animal_214,,,,,,,,,,,33,,2023-08-10 20:44:20.295521,,,,,,
animal_61,,,,,,,,,,,33,,2023-08-10 20:44:20.295521,,,,,,
animal_43,,,,,,,,,,,34,2023-08-10 20:44:20.302522,,,,,,,
,,,,,,,,,,,34,,,BG23024,34,site_3,site_6,2023-08-10 20:44:20.304521,2023-08-10 20:44:20.304521
animal_43,,,,,,,,,,,34,,2023-08-10 20:44:20.305522,,,,,,
,,,,,,,,,,,35,,,OW23921,35,site_6,site_2,2023-08-10 20:44:20.314522,2023-08-10 20:44:20.314522
,,,,,,,,,,,36,,,EI23649,36,site_6,site_7,2023-08-10 20:44:20.323522,2023-08-10 20:44:20.323522
,,,,,,,,,,,37,,,VR23403,37,site_7,site_6,2023-08-10 20:44:20.332522,2023-08-10 20:44:20.332522
,,,,,,,,,,,38,,,HL23445,38,site_5,site_9,2023-08-10 20:44:20.341522,2023-08-10 20:44:20.341522
,,,,,,,,,,,39,,,VR23403,39,site_6,site_1,2023-08-10 20:44:20.350521,2023-08-10 20:44:20.350521
,,,,,,,,,,,40,,,HK23967,40,site_6,site_2,2023-08-10 20:44:20.358521,2023-08-10 20:44:20.358521
,,,,,,,,,,,41,,,XW23940,41,site_5,site_7,2023-08-10 20:44:20.368522,2023-08-10 20:44:20.368522
,,,,,,,,,,,42,,,HL23445,42,site_3,site_7,2023-08-10 20:44:20.377522,2023-08-10 20:44:20.377522
,,,,,,,,,,,43,,,HL23445,43,site_2,site_8,2023-08-10 20:44:20.386522,2023-08-10 20:44:20.386522
,,,,,,,,,,,44,,,WB23964,44,site_8,site_9,2023-08-10 20:44:20.395521,2023-08-10 20:44:20.395521
,,,,,,,,,,,45,,,VM23859,45,site_6,site_7,2023-08-10 20:44:20.405522,2023-08-10 20:44:20.405522
,,,,,,,,,,,46,,,BG23024,46,site_8,site_8,2023-08-10 20:44:20.413522,2023-08-10 20:44:20.413522
,,,,,,,,,,,47,,,VR23403,47,site_7,site_5,2023-08-10 20:44:20.423522,2023-08-10 20:44:20.423522
,,,,,,,,,,,48,,,WB23964,48,site_3,site_1,2023-08-10 20:44:20.432522,2023-08-10 20:44:20.432522
,,,,,,,,,,,49,,,EI23649,49,site_3,site_4,2023-08-10 20:44:20.440522,2023-08-10 20:44:20.440522
