{
  "version": "0.14.0",
  "graph": {
    "nodes": [
      {
        "id": "n0",
        "position": {
          "x": 146,
          "y": -69
        },
        "caption": "animal"
      },
      {
        "id": "n1",
        "position": {
          "x": -92,
          "y": -69
        },
        "caption": "site"
      },
      {
        "id": "n2",
        "position": {
          "x": 146,
          "y": 182
        },
        "caption": "batch"
      },
      {
        "id": "n3",
        "position": {
          "x": -296.83140885528746,
          "y": 125.89364597427675
        },
        "caption": "journey"
      },
      {
        "id": "n4",
        "position": {
          "x": -296.83140885528746,
          "y": 473.89364597427766
        },
        "caption": "vehicle"
      },
      {
        "id": "n6",
        "position": {
          "x": -237.83140885528746,
          "y": -253.89364597427766
        },
        "caption": "location"
      }
    ],
    "relationships": [
      {
        "id": "n0",
        "type": "born_at",
        "fromId": "n0",
        "toId": "n1"
      },
      {
        "id": "n1",
        "type": "died_at",
        "fromId": "n0",
        "toId": "n1"
      },
      {
        "id": "n2",
        "type": "grouped_in",
        "fromId": "n0",
        "toId": "n2"
      },
      {
        "id": "n3",
        "type": "carried_out_by",
        "fromId": "n3",
        "toId": "n4"
      },
      {
        "id": "n8",
        "type": "located_at",
        "fromId": "n1",
        "toId": "n6"
      },
      {
        "id": "n9",
        "type": "to",
        "fromId": "n3",
        "toId": "n1"
      },
      {
        "id": "n10",
        "type": "from",
        "fromId": "n3",
        "toId": "n1"
      },
      {
        "id": "n11",
        "type": "includes",
        "fromId": "n3",
        "toId": "n2"
      }
    ]
  },
  "dataModel": {
    "configurations": {
      "idsToIgnore": []
    },
    "fileModel": {
      "fileSchemas": {
        "my_dataframe.csv": {
          "expanded": true,
          "fields": [
            {
              "name": "animal_id",
              "type": "string",
              "sample": "animal_1",
              "include": true
            },
            {
              "name": "sex",
              "type": "string",
              "sample": "m",
              "include": true
            },
            {
              "name": "species",
              "type": "string",
              "sample": "cow",
              "include": true
            },
            {
              "name": "site_id",
              "type": "string",
              "sample": "",
              "include": true
            },
            {
              "name": "site_type",
              "type": "string",
              "sample": "",
              "include": true
            },
            {
              "name": "location_id",
              "type": "string",
              "sample": "",
              "include": true
            },
            {
              "name": "easting",
              "type": "string",
              "sample": "",
              "include": true
            },
            {
              "name": "northing",
              "type": "string",
              "sample": "",
              "include": true
            },
            {
              "name": "date_of_birth",
              "type": "string",
              "sample": "",
              "include": true
            },
            {
              "name": "date_of_death",
              "type": "string",
              "sample": "",
              "include": true
            },
            {
              "name": "death_site_id",
              "type": "string",
              "sample": "",
              "include": true
            },
            {
              "name": "reason_for_death",
              "type": "string",
              "sample": "",
              "include": true
            },
            {
              "name": "batch_id",
              "type": "string",
              "sample": "",
              "include": true
            },
            {
              "name": "date_added_to_batch",
              "type": "string",
              "sample": "",
              "include": true
            },
            {
              "name": "date_removed_from_batch",
              "type": "string",
              "sample": "",
              "include": true
            },
            {
              "name": "vehicle_reg",
              "type": "string",
              "sample": "",
              "include": true
            },
            {
              "name": "journey_id",
              "type": "string",
              "sample": "",
              "include": true
            },
            {
              "name": "journey_origin",
              "type": "string",
              "sample": "",
              "include": true
            },
            {
              "name": "journey_destination",
              "type": "string",
              "sample": "",
              "include": true
            },
            {
              "name": "journey_start_date",
              "type": "string",
              "sample": "",
              "include": true
            },
            {
              "name": "journey_end_date",
              "type": "string",
              "sample": "",
              "include": true
            }
          ]
        }
      }
    },
    "graphModel": {
      "nodeSchemas": {
        "n0": {
          "label": "animal",
          "additionLabels": [],
          "labelProperties": [],
          "properties": [
            {
              "property": "animal_id",
              "type": "string",
              "identifier": "wb6IYyD3zFDM0S-uWN1l-"
            },
            {
              "property": "sex",
              "type": "string",
              "identifier": "5gcXvkNJYjCltMLafT8IU"
            },
            {
              "property": "species",
              "type": "string",
              "identifier": "XQ5fQm0PsbnFaZ0QFTFRq"
            }
          ],
          "key": {
            "properties": [
              "wb6IYyD3zFDM0S-uWN1l-"
            ]
          }
        },
        "n1": {
          "label": "site",
          "additionLabels": [],
          "labelProperties": [],
          "properties": [
            {
              "property": "site_id",
              "type": "string",
              "identifier": "LxiWajZsKTlZFpoXD7_FW"
            },
            {
              "property": "site_type",
              "type": "string",
              "identifier": "Dy7T_1VaO35TGzvGTg_bZ"
            }
          ],
          "key": {
            "properties": [
              "LxiWajZsKTlZFpoXD7_FW"
            ]
          }
        },
        "n2": {
          "label": "batch",
          "additionLabels": [],
          "labelProperties": [],
          "properties": [
            {
              "property": "batch_id",
              "type": "string",
              "identifier": "49FCqPjdDmDYAG3ZPVGSs"
            }
          ],
          "key": {
            "properties": [
              "49FCqPjdDmDYAG3ZPVGSs"
            ]
          }
        },
        "n3": {
          "label": "journey",
          "additionLabels": [],
          "labelProperties": [],
          "properties": [
            {
              "property": "journey_id",
              "type": "string",
              "identifier": "CJX1FFp8BVdhjYgJBf6bJ"
            }
          ],
          "key": {
            "properties": [
              "CJX1FFp8BVdhjYgJBf6bJ"
            ]
          }
        },
        "n4": {
          "label": "vehicle",
          "additionLabels": [],
          "labelProperties": [],
          "properties": [
            {
              "property": "vehicle_reg",
              "type": "string",
              "identifier": "KfzTKQ61uhGURPsuXLBnF"
            }
          ],
          "key": {
            "properties": [
              "KfzTKQ61uhGURPsuXLBnF"
            ]
          }
        },
        "n6": {
          "label": "location",
          "additionLabels": [],
          "labelProperties": [],
          "properties": [
            {
              "property": "location_id",
              "type": "string",
              "identifier": "wvgXagLOVB0pCefqmVOd9"
            },
            {
              "property": "easting",
              "type": "string",
              "identifier": "1WgKqnWSZf6iB2vDlFq8t"
            },
            {
              "property": "northing",
              "type": "string",
              "identifier": "c3VBsl5CSNpkL58EdE9vL"
            }
          ],
          "key": {
            "properties": [
              "wvgXagLOVB0pCefqmVOd9"
            ]
          }
        }
      },
      "relationshipSchemas": {
        "n0": {
          "type": "born_at",
          "sourceNodeSchema": "n0",
          "targetNodeSchema": "n1",
          "properties": [
            {
              "property": "date_of_birth",
              "type": "datetime",
              "identifier": "TnybB5F79WmcHl2d3ui23"
            }
          ]
        },
        "n1": {
          "type": "died_at",
          "sourceNodeSchema": "n0",
          "targetNodeSchema": "n1",
          "properties": [
            {
              "property": "date_of_death",
              "type": "datetime",
              "identifier": "VEe5bLK7Wa6UmFGYWdbjw"
            },
            {
              "property": "reason_for_death",
              "type": "string",
              "identifier": "coWpCJjYdByr9h_7VfjJt"
            }
          ]
        },
        "n2": {
          "type": "grouped_in",
          "sourceNodeSchema": "n0",
          "targetNodeSchema": "n2",
          "properties": [
            {
              "property": "journey_start_date",
              "type": "string",
              "identifier": "drIiz2n2jdjtCYKHVV-dW"
            },
            {
              "property": "journey_end_date",
              "type": "string",
              "identifier": "ayaOFS4baAdzEg6evCrS8"
            }
          ]
        },
        "n3": {
          "type": "carried_out_by",
          "sourceNodeSchema": "n3",
          "targetNodeSchema": "n4",
          "properties": [
            {
              "property": "vehicle_reg",
              "type": "string",
              "identifier": "2pDp2t3Tcm74GGHqMyjwB"
            }
          ]
        },
        "n8": {
          "type": "located_at",
          "sourceNodeSchema": "n1",
          "targetNodeSchema": "n6",
          "properties": []
        },
        "n9": {
          "type": "to",
          "sourceNodeSchema": "n3",
          "targetNodeSchema": "n1",
          "properties": [
            {
              "property": "journey_end_date",
              "type": "string",
              "identifier": "2XUy3loXvNLHhgi7R23oa"
            }
          ]
        },
        "n10": {
          "type": "from",
          "sourceNodeSchema": "n3",
          "targetNodeSchema": "n1",
          "properties": [
            {
              "property": "journey_start_date",
              "type": "string",
              "identifier": "PQeo8URula80M0unvAiOM"
            }
          ]
        },
        "n11": {
          "type": "includes",
          "sourceNodeSchema": "n3",
          "targetNodeSchema": "n2",
          "properties": [
            {
              "property": "date_added_to_batch",
              "type": "string",
              "identifier": "w25MjIACz5U9hjlqt6ZX5"
            },
            {
              "property": "date_removed_from_batch",
              "type": "string",
              "identifier": "bpNoVtVo5qeMqCrXm97Pt"
            }
          ]
        }
      }
    },
    "mappingModel": {
      "nodeMappings": {
        "n0": {
          "nodeSchema": "n0",
          "fileSchema": "my_dataframe.csv",
          "mappings": [
            {
              "field": "animal_id"
            },
            {
              "field": "sex"
            },
            {
              "field": "species"
            }
          ]
        },
        "n1": {
          "nodeSchema": "n1",
          "fileSchema": "my_dataframe.csv",
          "mappings": [
            {
              "field": "site_id"
            },
            {
              "field": "site_type"
            }
          ]
        },
        "n2": {
          "nodeSchema": "n2",
          "fileSchema": "my_dataframe.csv",
          "mappings": [
            {
              "field": "batch_id"
            }
          ]
        },
        "n3": {
          "nodeSchema": "n3",
          "fileSchema": "my_dataframe.csv",
          "mappings": [
            {
              "field": "journey_id"
            }
          ]
        },
        "n4": {
          "nodeSchema": "n4",
          "fileSchema": "my_dataframe.csv",
          "mappings": [
            {
              "field": "vehicle_reg"
            }
          ]
        },
        "n6": {
          "nodeSchema": "n6",
          "fileSchema": "my_dataframe.csv",
          "mappings": [
            {
              "field": "location_id"
            },
            {
              "field": "easting"
            },
            {
              "field": "northing"
            }
          ]
        }
      },
      "relationshipMappings": {
        "n0": {
          "relationshipSchema": "n0",
          "mappings": [
            {
              "field": "date_of_birth"
            }
          ],
          "sourceMappings": [
            {
              "field": "animal_id"
            }
          ],
          "targetMappings": [
            {
              "field": "site_id"
            }
          ],
          "fileSchema": "my_dataframe.csv"
        },
        "n1": {
          "relationshipSchema": "n1",
          "mappings": [
            {
              "field": "date_of_death"
            },
            {
              "field": "reason_for_death"
            }
          ],
          "sourceMappings": [
            {
              "field": "animal_id"
            }
          ],
          "targetMappings": [
            {
              "field": "death_site_id"
            }
          ],
          "fileSchema": "my_dataframe.csv"
        },
        "n2": {
          "relationshipSchema": "n2",
          "mappings": [
            {
              "field": "journey_start_date"
            },
            {
              "field": "journey_end_date"
            }
          ],
          "sourceMappings": [
            {
              "field": "animal_id"
            }
          ],
          "targetMappings": [
            {
              "field": "batch_id"
            }
          ],
          "fileSchema": "my_dataframe.csv"
        },
        "n3": {
          "relationshipSchema": "n3",
          "mappings": [
            {
              "field": "vehicle_reg"
            }
          ],
          "sourceMappings": [
            {
              "field": "journey_id"
            }
          ],
          "targetMappings": [
            {
              "field": "vehicle_reg"
            }
          ],
          "fileSchema": "my_dataframe.csv"
        },
        "n8": {
          "relationshipSchema": "n8",
          "mappings": [],
          "sourceMappings": [
            {
              "field": "site_id"
            }
          ],
          "targetMappings": [
            {
              "field": "location_id"
            }
          ],
          "fileSchema": "my_dataframe.csv"
        },
        "n9": {
          "relationshipSchema": "n9",
          "mappings": [
            {
              "field": "journey_end_date"
            }
          ],
          "sourceMappings": [
            {
              "field": "journey_id"
            }
          ],
          "targetMappings": [
            {
              "field": "journey_destination"
            }
          ],
          "fileSchema": "my_dataframe.csv"
        },
        "n10": {
          "relationshipSchema": "n10",
          "mappings": [
            {
              "field": "journey_start_date"
            }
          ],
          "sourceMappings": [
            {
              "field": "journey_id"
            }
          ],
          "targetMappings": [
            {
              "field": "journey_origin"
            }
          ],
          "fileSchema": "my_dataframe.csv"
        },
        "n11": {
          "relationshipSchema": "n11",
          "mappings": [
            {
              "field": "date_added_to_batch"
            },
            {
              "field": "date_removed_from_batch"
            }
          ],
          "sourceMappings": [
            {
              "field": "journey_id"
            }
          ],
          "targetMappings": [
            {
              "field": "batch_id"
            }
          ],
          "fileSchema": "my_dataframe.csv"
        }
      }
    }
  }
}